{"type": "metrics", "dataset": "train", "precision": 0.954502667085033, "balanced_accuracy": 0.8173133309771081, "recall": 0.6435371271419505, "f1_score": 0.7687642153146323}
{"type": "metrics", "dataset": "test", "precision": 0.6517706576728499, "balanced_accuracy": 0.6733406004808107, "recall": 0.40492404400209536, "f1_score": 0.49951534733441033}
{"type": "cm_matrix", "dataset": "train", "true_0": {"predicted_0": 16128, "predicted_1": 145}, "true_1": {"predicted_0": 1685, "predicted_1": 3042}}
{"type": "cm_matrix", "dataset": "test", "true_0": {"predicted_0": 6678, "predicted_1": 413}, "true_1": {"predicted_0": 1136, "predicted_1": 773}}
